{"30": 0.8597560975609756, "46": 0.9649390243902439, "45": 0.9719512195121951, "14": 0.9766260162601625, "63": 0.9719512195121951, "13": 0.8099593495934959, "15": 0.7719512195121951, "24": 0.5719512195121952, "18": 0.8597560975609756, "55": 0.9766260162601625, "44": 0.9799651567944251, "77": 0.7719512195121951, "5": 0.7719512195121951, "68": 0.8099593495934959, "1": 0.9719512195121951, "11": 0.9649390243902439, "54": 0.8371080139372822, "52": 0.8538037166085947, "17": 0.8574695121951219, "59": 0.7621951219512195, "31": 0.8538037166085947, "40": 0.8538037166085947, "75": 0.8538037166085947, "74": 0.8859756097560976, "64": 0.9649390243902439, "39": 0.5719512195121952, "48": 0.8216463414634146, "38": 0.8574695121951219, "62": 0.5719512195121952, "3": 0.8099593495934959, "72": 0.9719512195121951, "16": 0.8597560975609756, "10": 0.8859756097560976, "21": 0.8216463414634146, "23": 0.9883130081300813, "4": 0.8099593495934959, "41": 0.9649390243902439, "66": 0.9844173441734417, "57": 0.9799651567944251, "27": 0.7719512195121951, "33": 0.9532520325203252, "58": 0.8099593495934959, "56": 0.7719512195121951, "32": 0.8054323725055432, "60": 0.8371080139372822, "50": 0.9719512195121951, "67": 0.8538037166085947, "49": 0.5719512195121952, "70": 0.9532520325203252, "12": 0.7149390243902439, "65": 0.8216463414634146, "20": 0.9532520325203252, "29": 0.9766260162601625, "35": 0.8216463414634146, "43": 0.9766260162601625, "61": 0.8574695121951219, "26": 0.9649390243902439, "47": 0.9532520325203252, "2": 0.7719512195121951, "42": 0.9844173441734417, "34": 0.9649390243902439, "28": 0.8538037166085947, "76": 0.8099593495934959, "51": 0.8371080139372822, "9": 0.9532520325203252, "19": 0.9649390243902439, "7": 0.9719512195121951, "71": 0.8574695121951219, "69": 0.6199186991869919, "73": 0.9649390243902439, "37": 0.7719512195121951, "8": 0.8574695121951219, "53": 0.6942508710801393}