{"30": 0.6199186991869919, "46": 0.8597560975609756, "45": 0.9719512195121951, "12": 0.8371080139372822, "1": 0.8480799169693825, "13": 0.7719512195121951, "15": 0.7719512195121951, "24": 0.6942508710801393, "18": 0.8597560975609756, "14": 0.9719512195121951, "55": 0.9766260162601625, "44": 0.8099593495934959, "6": 0.8597560975609756, "49": 0.9532520325203252, "63": 0.9649390243902439, "64": 0.9892120075046904, "68": 0.8574695121951219, "11": 0.8480799169693825, "54": 0.8733062330623306, "4": 0.7859756097560975, "50": 0.8480799169693825, "40": 0.8480799169693825, "75": 0.8480799169693825, "7": 0.8574695121951219, "74": 0.9719512195121951, "39": 0.8480799169693825, "48": 0.8480799169693825, "38": 0.8733062330623306, "62": 0.6942508710801393, "77": 0.9649390243902439, "72": 0.9766260162601625, "16": 0.9532520325203252, "10": 0.9532520325203252, "20": 0.8216463414634146, "23": 0.9892120075046904, "41": 0.9719512195121951, "66": 0.7719512195121951, "27": 0.9844173441734417, "34": 0.9824695121951219, "56": 0.8099593495934959, "19": 0.7859756097560975, "67": 0.8480799169693825, "47": 0.9649390243902439, "31": 0.8859756097560976, "60": 0.8371080139372822, "52": 0.9719512195121951, "32": 0.8733062330623306, "65": 0.6432926829268293, "70": 0.9532520325203252, "57": 0.8371080139372822, "29": 0.9719512195121951, "5": 0.9532520325203252, "71": 0.9766260162601625, "61": 0.8480799169693825, "26": 0.9766260162601625, "42": 0.6199186991869919, "25": 0.9532520325203252, "28": 0.8099593495934959, "9": 0.7719512195121951, "2": 0.9844173441734417, "43": 0.8733062330623306, "21": 0.8480799169693825, "58": 0.7149390243902439, "51": 0.9766260162601625, "69": 0.8480799169693825, "73": 0.7149390243902439, "37": 0.9649390243902439, "33": 0.9799651567944251, "17": 0.7149390243902439, "3": 0.8480799169693825, "59": 0.9649390243902439, "8": 0.8733062330623306, "53": 0.8480799169693825}