{"west Bohemia": 0.7768673780487805, "east Bohemia": 0.8910462130937099, "central Bohemia": 0.8910462130937099, "Prague": 0.8990184414039262, "south Bohemia": 0.8480799169693825, "south Moravia": 0.8990184414039262, "north Moravia": 0.801927616050354, "north Bohemia": 0.7768673780487805}