{"west Bohemia": 0.801927616050354, "east Bohemia": 0.9234086853063652, "south Bohemia": 0.9234086853063652, "south Moravia": 0.8081173780487805, "central Bohemia": 0.8820254506892895, "north Moravia": 0.8910462130937099, "Prague": 0.8081173780487805, "north Bohemia": 0.801927616050354}